<?xml version="1.0" encoding="UTF-8"?><rss version="2.0"
	xmlns:content="http://purl.org/rss/1.0/modules/content/"
	xmlns:wfw="http://wellformedweb.org/CommentAPI/"
	xmlns:dc="http://purl.org/dc/elements/1.1/"
	xmlns:atom="http://www.w3.org/2005/Atom"
	xmlns:sy="http://purl.org/rss/1.0/modules/syndication/"
	xmlns:slash="http://purl.org/rss/1.0/modules/slash/"
	
	xmlns:georss="http://www.georss.org/georss"
	xmlns:geo="http://www.w3.org/2003/01/geo/wgs84_pos#"
	>

<channel>
	<title>Prodotti &#8211; woo3</title>
	<atom:link href="./index.html" rel="self" type="application/rss+xml" />
	<link>./../../index.html</link>
	<description></description>
	<lastBuildDate>Wed, 22 Mar 2023 16:14:34 +0000</lastBuildDate>
	<language>it-IT</language>
	<sy:updatePeriod>
	hourly	</sy:updatePeriod>
	<sy:updateFrequency>
	1	</sy:updateFrequency>
	<generator>https://wordpress.org/?v=6.1.1</generator>
	<item>
		<title>Aria urbana:</title>
		<link>./../../prodotto/aria-urbana/index.html</link>
					<comments>./../../prodotto/aria-urbana/index.html#respond</comments>
		
		<dc:creator><![CDATA[Volodymyr]]></dc:creator>
		<pubDate>Wed, 22 Mar 2023 16:14:33 +0000</pubDate>
				<guid isPermaLink="false">./../../index.html?post_type=product#038;p=44</guid>

					<description><![CDATA[L&#8217;aria urbana può essere caratterizzata da una serie di inquinanti atmosferici come particelle sottili, ossidi di azoto, monossido di carbonio e ozono, che possono avere effetti negativi sulla salute umana.]]></description>
										<content:encoded><![CDATA[<p>L&#8217;aria urbana può essere caratterizzata da una serie di inquinanti atmosferici come particelle sottili, ossidi di azoto, monossido di carbonio e ozono, che possono avere effetti negativi sulla salute umana.</p>
]]></content:encoded>
					
					<wfw:commentRss>./../../prodotto/aria-urbana/feed/index.html</wfw:commentRss>
			<slash:comments>0</slash:comments>
		
		
			</item>
		<item>
		<title>Aria di campagna</title>
		<link>./../../prodotto/aria-di-campagna/index.html</link>
					<comments>./../../prodotto/aria-di-campagna/index.html#respond</comments>
		
		<dc:creator><![CDATA[Volodymyr]]></dc:creator>
		<pubDate>Wed, 22 Mar 2023 16:07:34 +0000</pubDate>
				<guid isPermaLink="false">./../../index.html?post_type=product#038;p=42</guid>

					<description><![CDATA[Aria di campagna: l&#8217;aria di campagna può essere caratterizzata da una maggiore presenza di polline e di allergeni, ma al tempo stesso può essere molto pulita e priva di inquinanti, soprattutto se lontana da attività industriali.]]></description>
										<content:encoded><![CDATA[<p>Aria di campagna: l&#8217;aria di campagna può essere caratterizzata da una maggiore presenza di polline e di allergeni, ma al tempo stesso può essere molto pulita e priva di inquinanti, soprattutto se lontana da attività industriali.</p>
]]></content:encoded>
					
					<wfw:commentRss>./../../prodotto/aria-di-campagna/feed/index.html</wfw:commentRss>
			<slash:comments>0</slash:comments>
		
		
			</item>
		<item>
		<title>Aria marina</title>
		<link>./../../prodotto/aria-marina/index.html</link>
					<comments>./../../prodotto/aria-marina/index.html#respond</comments>
		
		<dc:creator><![CDATA[Volodymyr]]></dc:creator>
		<pubDate>Wed, 22 Mar 2023 16:01:18 +0000</pubDate>
				<guid isPermaLink="false">./../../index.html?post_type=product#038;p=40</guid>

					<description><![CDATA[Aria marina: l&#8217;aria vicino al mare può contenere una maggiore quantità di ioni negativi, che possono avere effetti benefici sulla salute. Inoltre, la brezza marina può portare aria fresca e pulita, riducendo la concentrazione di inquinanti presenti nell&#8217;aria.]]></description>
										<content:encoded><![CDATA[<p>Aria marina: l&#8217;aria vicino al mare può contenere una maggiore quantità di ioni negativi, che possono avere effetti benefici sulla salute. Inoltre, la brezza marina può portare aria fresca e pulita, riducendo la concentrazione di inquinanti presenti nell&#8217;aria.</p>
]]></content:encoded>
					
					<wfw:commentRss>./../../prodotto/aria-marina/feed/index.html</wfw:commentRss>
			<slash:comments>0</slash:comments>
		
		
			</item>
		<item>
		<title>Aria di montagna</title>
		<link>./../../prodotto/logo-collection-2/index.html</link>
					<comments>./../../prodotto/logo-collection-2/index.html#respond</comments>
		
		<dc:creator><![CDATA[Volodymyr]]></dc:creator>
		<pubDate>Wed, 22 Mar 2023 15:21:07 +0000</pubDate>
				<guid isPermaLink="false">./../../prodotto/logo-collection-2/index.html</guid>

					<description><![CDATA[This is a grouped product.]]></description>
										<content:encoded><![CDATA[<p>Aria di montagna: l&#8217;aria di montagna ha una minore concentrazione di inquinanti rispetto all&#8217;aria delle città, poiché l&#8217;altitudine e la presenza di alberi e foreste contribuiscono a purificarla. Inoltre, l&#8217;aria di montagna può essere caratterizzata da una maggiore freschezza e un maggior contenuto di ossigeno rispetto all&#8217;aria delle città.</p>
]]></content:encoded>
					
					<wfw:commentRss>./../../prodotto/logo-collection-2/feed/index.html</wfw:commentRss>
			<slash:comments>0</slash:comments>
		
		
			</item>
	</channel>
</rss>
