<?xml version="1.0" encoding="UTF-8"?><rss version="2.0"
	xmlns:content="http://purl.org/rss/1.0/modules/content/"
	xmlns:wfw="http://wellformedweb.org/CommentAPI/"
	xmlns:dc="http://purl.org/dc/elements/1.1/"
	xmlns:atom="http://www.w3.org/2005/Atom"
	xmlns:sy="http://purl.org/rss/1.0/modules/syndication/"
	xmlns:slash="http://purl.org/rss/1.0/modules/slash/"
	
	xmlns:georss="http://www.georss.org/georss"
	xmlns:geo="http://www.w3.org/2003/01/geo/wgs84_pos#"
	>

<channel>
	<title>Clothing &#8211; woo3</title>
	<atom:link href="./index.html" rel="self" type="application/rss+xml" />
	<link>./../../../index.html</link>
	<description></description>
	<lastBuildDate>Wed, 22 Mar 2023 16:04:55 +0000</lastBuildDate>
	<language>it-IT</language>
	<sy:updatePeriod>
	hourly	</sy:updatePeriod>
	<sy:updateFrequency>
	1	</sy:updateFrequency>
	<generator>https://wordpress.org/?v=6.1.1</generator>
	<item>
		<title>Aria di montagna</title>
		<link>./../../../prodotto/logo-collection-2/index.html</link>
					<comments>./../../../prodotto/logo-collection-2/index.html#respond</comments>
		
		<dc:creator><![CDATA[Volodymyr]]></dc:creator>
		<pubDate>Wed, 22 Mar 2023 15:21:07 +0000</pubDate>
				<guid isPermaLink="false">./../../../prodotto/logo-collection-2/index.html</guid>

					<description><![CDATA[This is a grouped product.]]></description>
										<content:encoded><![CDATA[<p>Aria di montagna: l&#8217;aria di montagna ha una minore concentrazione di inquinanti rispetto all&#8217;aria delle città, poiché l&#8217;altitudine e la presenza di alberi e foreste contribuiscono a purificarla. Inoltre, l&#8217;aria di montagna può essere caratterizzata da una maggiore freschezza e un maggior contenuto di ossigeno rispetto all&#8217;aria delle città.</p>
]]></content:encoded>
					
					<wfw:commentRss>./../../../prodotto/logo-collection-2/feed/index.html</wfw:commentRss>
			<slash:comments>0</slash:comments>
		
		
			</item>
	</channel>
</rss>
